Title,Media URL,Pinterest board,Thumbnail,Description,Link,Publish date,Keywords
La Palma Reiseführer: 88 Highlights der Isla Bonita,https://backtooutdoor.com/pin-01-la-palma-reisefuehrer-88-highlights-der-isla-bonit.jpg,Kanaren & Madeira Reisetipps,,"La Palma Tipps für deine Reise: Caldera de Taburiente, Roque de los Muchachos, Lorbeerwald Los Tilos, Lavapools und die besten Wanderungen. Unser La Palma Reiseführer mit Tagesrouten, Packliste und Insider-Tipps von Back to Outdoor. Werbung: Die verlinkte Seite enthält Affiliate-Links.",https://backtooutdoor.com/la-palma-reisefuhrer-2025.html?utm_source=pinterest&utm_medium=social&utm_campaign=pins-herbst-2026,2026-09-28T16:00:00,
"Canyoning am Almbach bei Salzburg: Ablauf, Level & Tipps",https://backtooutdoor.com/pin-09-canyoning-am-almbach-bei-salzburg-ablauf-level-tip.jpg,Canyoning & Rafting Salzburg,,"Canyoning in Salzburg: So läuft die Tour am Almbach ab, für wen sie geeignet ist, was du mitbringen solltest und wo du sie buchen kannst. Erfahrungsbericht von Back to Outdoor. Werbung: Die verlinkte Seite enthält Affiliate-Links.",https://backtooutdoor.com/canyoning-am-almbach-action-natur-und-adrenalin-am-wiestalstausee.html?utm_source=pinterest&utm_medium=social&utm_campaign=pins-herbst-2026,2026-09-29T16:00:00,
Gorges du Verdon Roadtrip: die perfekte Route in 5 Tagen,https://backtooutdoor.com/pin-13-gorges-du-verdon-roadtrip-die-perfekte-route-in-5.jpg,Gorges du Verdon Reisetipps,,"Verdon Roadtrip: Castellane, Route des Crêtes, Moustiers-Sainte-Marie, Lac de Sainte-Croix und Quinson – Tag für Tag geplant, mit Übernachtungstipps und Aktivitäten.",https://backtooutdoor.com/die-perfekte-verdon-route-5-tage-roadtrip-durch-die-schlucht.html?utm_source=pinterest&utm_medium=social&utm_campaign=pins-herbst-2026,2026-09-30T16:00:00,
"Teneriffa Reiseführer: Highlights, Touren & Teide-Tipps",https://backtooutdoor.com/pin-02-teneriffa-reisefuehrer-highlights-touren-teide-tip.jpg,Kanaren & Madeira Reisetipps,,"Teneriffa Tipps: Teide Nationalpark, Masca, La Laguna, Orotava-Tal, Naturpools und Tagesrouten nach Regionen. Unser Teneriffa Reiseführer zeigt dir, wie du die Insel abseits der Hotelburgen erlebst. Werbung: Die verlinkte Seite enthält Affiliate-Links.",https://backtooutdoor.com/teneriffa-reisefuhrer-2025-highlights-touren-und-bildband.html?utm_source=pinterest&utm_medium=social&utm_campaign=pins-herbst-2026,2026-10-01T16:00:00,
"Tenerife Travel Guide: Highlights, Hikes & Teide Tips",https://backtooutdoor.com/pin-17-tenerife-travel-guide-highlights-hikes-teide-tips.jpg,Outdoor Travel Europe,,"Tenerife travel tips: Teide National Park, Masca, La Laguna, the Orotava Valley, natural pools and day routes by region. Our Tenerife travel guide shows you the island beyond the resorts. Ad: the linked page contains affiliate links.",https://backtooutdoor.com/tenerife-travel-guide-2025-highlights-tours-and-photo-book.html?utm_source=pinterest&utm_medium=social&utm_campaign=pins-herbst-2026,2026-10-02T16:00:00,
Rafting & Canyoning in Salzburg: geführte Touren buchen,https://backtooutdoor.com/pin-11-rafting-canyoning-in-salzburg-gefuehrte-touren-buc.jpg,Canyoning & Rafting Salzburg,,"Rafting auf der Salzach und Canyoning im Salzburger Land mit Torrent Outdoor. Touren für Einsteiger und Fortgeschrittene, direkt online buchbar über den Back to Outdoor Shop. Werbung: Die verlinkte Seite enthält Affiliate-Links.",https://backtooutdoor.com/shop.html?utm_source=pinterest&utm_medium=social&utm_campaign=pins-herbst-2026#aktivitaeten,2026-10-03T16:00:00,
Madeira Reiseführer: Levada-Wanderungen & Insider-Tipps,https://backtooutdoor.com/pin-04-madeira-reisefuehrer-levada-wanderungen-insider-ti.jpg,Kanaren & Madeira Reisetipps,,"Madeira Tipps: Levada-Wanderungen, Pico do Arieiro und fünf fertige Tagesrouten. Unser Madeira Reiseführer für Wanderer und Naturliebhaber. Werbung: Die verlinkte Seite enthält Affiliate-Links.",https://backtooutdoor.com/madeira-reisefuhrer-2025-highlights-touren-und-insider-tipps.html?utm_source=pinterest&utm_medium=social&utm_campaign=pins-herbst-2026,2026-10-04T16:00:00,
Aqua-Trekking im Verdon: das ultimative Wildwasser-Abenteuer,https://backtooutdoor.com/pin-14-aqua-trekking-im-verdon-das-ultimative-wildwasser.jpg,Gorges du Verdon Reisetipps,,"Aqua-Trekking in den Gorges du Verdon: Schwimmen und Klettern durch türkisfarbenes Wasser. Was dich erwartet, für wen es geeignet ist und die besten Abschnitte.",https://backtooutdoor.com/aqua-trekking-im-verdon-das-ultimative-wildwasser-abenteuer.html?utm_source=pinterest&utm_medium=social&utm_campaign=pins-herbst-2026,2026-10-05T16:00:00,
Madeira Travel Guide: Levada Walks & Insider Tips,https://backtooutdoor.com/pin-18-madeira-travel-guide-levada-walks-insider-tips.jpg,Outdoor Travel Europe,,"Madeira travel tips: levada hikes, Pico do Arieiro and five ready-made day routes. Our Madeira guide for hikers and nature lovers. Ad: the linked page contains affiliate links.",https://backtooutdoor.com/madeira-travel-guide-2025-highlights-tours-and-insider-tips.html?utm_source=pinterest&utm_medium=social&utm_campaign=pins-herbst-2026,2026-10-06T16:00:00,
La Gomera Reiseführer: 88 Highlights der grünen Insel,https://backtooutdoor.com/pin-05-la-gomera-reisefuehrer-88-highlights-der-gruenen-i.jpg,Kanaren & Madeira Reisetipps,,"La Gomera Tipps: grüne Palmentäler, Wanderwege und ruhige Buchten. Den Reiseführer mit 88 Highlights findest du im Back to Outdoor Shop. Werbung: Die verlinkte Seite enthält Affiliate-Links.",https://backtooutdoor.com/shop.html?utm_source=pinterest&utm_medium=social&utm_campaign=pins-herbst-2026#ebooks,2026-10-07T16:00:00,
Canyoning in der Strubklamm: das Abenteuer bei Salzburg,https://backtooutdoor.com/pin-10-canyoning-in-der-strubklamm-das-abenteuer-bei-salz.jpg,Canyoning & Rafting Salzburg,,"Strubklamm Canyoning: eine der längsten Schluchten Österreichs mit Schwimmpassagen und optionalen Sprüngen bis 10 Meter. Alles zu Ablauf, Voraussetzungen und Buchung. Werbung: Die verlinkte Seite enthält Affiliate-Links.",https://backtooutdoor.com/canyoning-in-der-strubklamm-das-ultimative-abenteuer-am-wiestalstausee.html?utm_source=pinterest&utm_medium=social&utm_campaign=pins-herbst-2026,2026-10-08T16:00:00,
Die schönsten Strände an der Côte d’Azur: Geheimtipps,https://backtooutdoor.com/pin-15-die-schoensten-straende-an-der-cote-dazur-geheimti.jpg,Côte d'Azur Outdoor,,Côte d’Azur Strände: von bekannten Hotspots bis zu versteckten Buchten von Antibes bis Saint-Tropez. Tipps für ruhige Badeplätze abseits der Massen.,https://backtooutdoor.com/die-schonsten-strande-an-der-cote-d-azur-geheimtipps-und-bekannte.html?utm_source=pinterest&utm_medium=social&utm_campaign=pins-herbst-2026,2026-10-09T16:00:00,
La Palma Travel Guide: 88 Highlights of the Isla Bonita,https://backtooutdoor.com/pin-19-la-palma-travel-guide-88-highlights-of-the-isla-bo.jpg,Outdoor Travel Europe,,"La Palma travel tips: Caldera de Taburiente, Roque de los Muchachos, Los Tilos laurel forest, lava pools and the best hikes, with day routes and a packing list. Ad: the linked page contains affiliate links.",https://backtooutdoor.com/la-palma-travel-guide-2025.html?utm_source=pinterest&utm_medium=social&utm_campaign=pins-herbst-2026,2026-10-10T16:00:00,
Gran Canaria Reiseführer: 99 Highlights & Wandertipps,https://backtooutdoor.com/pin-06-gran-canaria-reisefuehrer-99-highlights-wandertipp.jpg,Kanaren & Madeira Reisetipps,,"Gran Canaria Tipps: Roque Nublo, Bergdörfer im Inselinneren, Dünen und Strände. Den Guide mit 99 Highlights findest du im Back to Outdoor Shop. Werbung: Die verlinkte Seite enthält Affiliate-Links.",https://backtooutdoor.com/shop.html?utm_source=pinterest&utm_medium=social&utm_campaign=pins-herbst-2026#ebooks,2026-10-11T16:00:00,
"Canyoning in Salzburg, Austria: Almbach Tour Guide",https://backtooutdoor.com/pin-20-canyoning-in-salzburg-austria-almbach-tour-guide.jpg,Outdoor Travel Europe,,"Canyoning near Salzburg: how the Almbach tour works, who it is for, what to bring and where to book. First-hand guide from Back to Outdoor. Ad: the linked page contains affiliate links.",https://backtooutdoor.com/canyoning-on-the-almbach-action-nature-and-adrenaline-at-wiestal.html?utm_source=pinterest&utm_medium=social&utm_campaign=pins-herbst-2026,2026-10-12T16:00:00,
Canyoning für Einsteiger: Was dich erwartet,https://backtooutdoor.com/pin-12-canyoning-fuer-einsteiger-was-dich-erwartet.jpg,Canyoning & Rafting Salzburg,,"Was ist Canyoning, wie läuft eine Tour ab und warum ist es mehr als Adrenalin? Mut, Teamwork und Natur pur – alles, was du vor deiner ersten Canyoning-Tour wissen solltest.",https://backtooutdoor.com/canyoning-das-ultimative-natur-und-abenteuererlebnis.html?utm_source=pinterest&utm_medium=social&utm_campaign=pins-herbst-2026,2026-10-13T16:00:00,
Verdon Gorge Road Trip: The Perfect 5-Day Itinerary,https://backtooutdoor.com/pin-21-verdon-gorge-road-trip-the-perfect-5-day-itinerary.jpg,Outdoor Travel Europe,,"Verdon Gorge itinerary: Castellane, Route des Crêtes, Moustiers-Sainte-Marie, Lac de Sainte-Croix and Quinson – planned day by day with stays and activities.",https://backtooutdoor.com/the-perfect-verdon-gorge-road-trip-5-day-itinerary-through-the-canyon.html?utm_source=pinterest&utm_medium=social&utm_campaign=pins-herbst-2026,2026-10-14T16:00:00,
"Teneriffa Sehenswürdigkeiten: Masca, Teide & 99 weitere Spots",https://backtooutdoor.com/pin-03-teneriffa-sehenswuerdigkeiten-masca-teide-99-weite.jpg,Kanaren & Madeira Reisetipps,,"Die schönsten Sehenswürdigkeiten auf Teneriffa: das Bergdorf Masca, der Teide, La Laguna und versteckte Buchten. Im Back to Outdoor Shop findest du den Guide mit 99 Sehenswürdigkeiten im Detail. Werbung: Die verlinkte Seite enthält Affiliate-Links.",https://backtooutdoor.com/shop.html?utm_source=pinterest&utm_medium=social&utm_campaign=pins-herbst-2026#ebooks,2026-10-15T16:00:00,
Wandern an der Côte d’Azur: die besten Küsten- & Bergtouren,https://backtooutdoor.com/pin-16-wandern-an-der-cote-dazur-die-besten-kuesten-bergt.jpg,Côte d'Azur Outdoor,,"Die besten Wanderungen an der Côte d’Azur: Sentier du Littoral, Cap Ferrat, das Estérel-Massiv und Touren im Hinterland bis in den Mercantour.",https://backtooutdoor.com/die-besten-wanderungen-an-der-cote-d-azur-kustenpfade.html?utm_source=pinterest&utm_medium=social&utm_campaign=pins-herbst-2026,2026-10-16T16:00:00,
"Fuerteventura Reiseführer: 99 Highlights, Strände & Surfspots",https://backtooutdoor.com/pin-07-fuerteventura-reisefuehrer-99-highlights-straende.jpg,Kanaren & Madeira Reisetipps,,"Fuerteventura Tipps: die schönsten Strände, Surf- und Kitespots, Dünen von Corralejo und ruhige Dörfer. Den Guide mit 99 Highlights findest du im Back to Outdoor Shop. Werbung: Die verlinkte Seite enthält Affiliate-Links.",https://backtooutdoor.com/shop.html?utm_source=pinterest&utm_medium=social&utm_campaign=pins-herbst-2026#ebooks,2026-10-17T16:00:00,
Best French Riviera Beaches: Hidden Gems & Hotspots,https://backtooutdoor.com/pin-22-best-french-riviera-beaches-hidden-gems-hotspots.jpg,Outdoor Travel Europe,,French Riviera beaches: from famous hotspots to hidden coves from Antibes to Saint-Tropez. Tips for quiet swimming spots away from the crowds.,https://backtooutdoor.com/the-best-french-riviera-beaches-hidden-gems-and-famous-hotspots.html?utm_source=pinterest&utm_medium=social&utm_campaign=pins-herbst-2026,2026-10-18T16:00:00,
Lanzarote Reiseführer: 99 Highlights zwischen Vulkanen & Meer,https://backtooutdoor.com/pin-08-lanzarote-reisefuehrer-99-highlights-zwischen-vulk.jpg,Kanaren & Madeira Reisetipps,,"Lanzarote Tipps: Timanfaya, Vulkanlandschaften, Lavaküsten und kleine Buchten. Den Guide mit 99 Highlights findest du im Back to Outdoor Shop. Werbung: Die verlinkte Seite enthält Affiliate-Links.",https://backtooutdoor.com/shop.html?utm_source=pinterest&utm_medium=social&utm_campaign=pins-herbst-2026#ebooks,2026-10-19T16:00:00,
