Title,Media URL,Pinterest board,Description,Link,Publish date,Keywords
Fokus statt Multitasking: So arbeitest du konzentriert,https://backtooutdoor.com/assets/img/mindset/pins/fokus-statt-multitasking.jpg,Mindset & Persönlichkeitsentwicklung,"Warum Multitasking dich langsamer macht und wie du mit Prioritäten, Zeitblöcken und weniger Ablenkung einen klaren Fokus trainierst. Jetzt den ganzen Artikel lesen auf backtooutdoor.com.",https://backtooutdoor.com/mindset/fokus-statt-multitasking.html,2026-10-07T17:00:00,"fokus, konzentration, multitasking, produktivität, mindset"
Gewohnheiten erkennen: Raus aus dem Autopiloten,https://backtooutdoor.com/assets/img/mindset/pins/macht-der-gewohnheiten-autopilot-durchbrechen.jpg,Mindset & Persönlichkeitsentwicklung,"Wie Gewohnheiten unbemerkt dein Denken steuern – und 5 Schritte, mit denen du den Autopiloten erkennst und bewusst neue Routinen aufbaust. Jetzt den ganzen Artikel lesen auf backtooutdoor.com.",https://backtooutdoor.com/mindset/macht-der-gewohnheiten-autopilot-durchbrechen.html,2026-10-08T17:00:00,"gewohnheiten, gewohnheitenändern, autopilot, achtsamkeit, mindset"
"5 Angewohnheiten, die deinem Gehirn schaden",https://backtooutdoor.com/assets/img/mindset/pins/gewohnheiten-die-dem-gehirn-schaden.jpg,Mindset & Persönlichkeitsentwicklung,"Schlafmangel, zu viel Zucker, Dauerstress, Multitasking und Bewegungsmangel: 5 Alltagsgewohnheiten, die deinem Gehirn nicht guttun. Jetzt den ganzen Artikel lesen auf backtooutdoor.com.",https://backtooutdoor.com/mindset/gewohnheiten-die-dem-gehirn-schaden.html,2026-10-09T17:00:00,"gehirn, gesundegewohnheiten, schlaf, stressabbau, bewegung"
Negative Gedanken loswerden: 5 erprobte Methoden,https://backtooutdoor.com/assets/img/mindset/pins/negative-gedanken-loswerden.jpg,Mindset & Persönlichkeitsentwicklung,"Negative Gedanken stoppen: Achtsamkeit, kognitive Umstrukturierung, Affirmationen, Bewegung und soziale Unterstützung einfach erklärt. Jetzt den ganzen Artikel lesen auf backtooutdoor.com.",https://backtooutdoor.com/mindset/negative-gedanken-loswerden.html,2026-10-10T17:00:00,"negativegedanken, gedankenkontrolle, achtsamkeit, positivesdenken, mindset"
Vergangenheit loslassen: 5 erprobte Methoden,https://backtooutdoor.com/assets/img/mindset/pins/vergangenheit-loslassen-5-methoden.jpg,Mindset & Persönlichkeitsentwicklung,"Vergangenheit loslassen lernen: Akzeptanz, Perspektivwechsel, neue Ziele, Unterstützung und Rituale – 5 Methoden für einen echten Neuanfang. Jetzt den ganzen Artikel lesen auf backtooutdoor.com.",https://backtooutdoor.com/mindset/vergangenheit-loslassen-5-methoden.html,2026-10-11T17:00:00,"loslassen, vergangenheitloslassen, neuanfang, selbstreflexion, mindset"
Warum Scheitern der Schlüssel zum Erfolg ist,https://backtooutdoor.com/assets/img/mindset/pins/warum-scheitern-der-schluessel-zum-erfolg-ist.jpg,Mindset & Persönlichkeitsentwicklung,"Angst vor dem Scheitern überwinden: wie du aus Misserfolgen lernst, an Rückschlägen wächst und eine gesunde Einstellung zu Fehlern entwickelst. Jetzt den ganzen Artikel lesen auf backtooutdoor.com.",https://backtooutdoor.com/mindset/warum-scheitern-der-schluessel-zum-erfolg-ist.html,2026-10-12T17:00:00,"scheitern, resilienz, ausfehlernlernen, wachstum, mindset"
Morgenroutine: So startest du erfolgreich in den Tag,https://backtooutdoor.com/assets/img/mindset/pins/morgenroutine-erfolgreich-in-den-tag.jpg,Mindset & Persönlichkeitsentwicklung,"Eine gute Morgenroutine in 5 Bausteinen: früher aufstehen, Achtsamkeit, Bewegung, Frühstück und Tagesziele – einfach und alltagstauglich. Jetzt den ganzen Artikel lesen auf backtooutdoor.com.",https://backtooutdoor.com/mindset/morgenroutine-erfolgreich-in-den-tag.html,2026-10-13T17:00:00,"morgenroutine, morgenstund, produktivität, achtsamkeit, mindset"
"Prokrastination überwinden: 5 Tipps, die sofort wirken",https://backtooutdoor.com/assets/img/mindset/pins/prokrastination-ueberwinden-5-tipps.jpg,Mindset & Persönlichkeitsentwicklung,"Aufschieben stoppen: 2-Minuten-Regel, klare Ziele, weniger Ablenkung, Visualisierung und Belohnung – 5 Tipps gegen Prokrastination. Jetzt den ganzen Artikel lesen auf backtooutdoor.com.",https://backtooutdoor.com/mindset/prokrastination-ueberwinden-5-tipps.html,2026-10-14T17:00:00,"prokrastination, aufschieberitis, produktivität, selbstdisziplin, mindset"
Komfortzone verlassen: 5 Schritte ins Unbekannte,https://backtooutdoor.com/assets/img/mindset/pins/komfortzone-verlassen.jpg,Mindset & Persönlichkeitsentwicklung,"Warum wir in der Komfortzone bleiben, was du gewinnst, wenn du sie verlässt – und 5 praktische Schritte, mit denen du heute anfängst. Jetzt den ganzen Artikel lesen auf backtooutdoor.com.",https://backtooutdoor.com/mindset/komfortzone-verlassen.html,2026-10-15T17:00:00,"komfortzone, komfortzoneverlassen, mut, abenteuer, mindset"
"Gewohnheiten ändern: Kleine Schritte, große Wirkung",https://backtooutdoor.com/assets/img/mindset/pins/gewohnheiten-aendern-kleine-veraenderungen.jpg,Mindset & Persönlichkeitsentwicklung,Gewohnheiten ändern ohne Kraftakt: wie der Gewohnheitszyklus funktioniert und welche 5 kleinen Veränderungen im Alltag große Wirkung haben. Jetzt den ganzen Artikel lesen auf backtooutdoor.com.,https://backtooutdoor.com/mindset/gewohnheiten-aendern-kleine-veraenderungen.html,2026-10-16T17:00:00,"gewohnheiten, kleineschritte, routine, disziplin, mindset"
"Alleine schneller, gemeinsam mehr: Die Kraft im Team",https://backtooutdoor.com/assets/img/mindset/pins/alleine-schneller-gemeinsam-mehr-erreichen.jpg,Mindset & Persönlichkeitsentwicklung,"Warum Zusammenarbeit mehr bewirkt als Einzelkampf: die Kraft der Gemeinschaft, geteilte Verantwortung und 4 Grundregeln für gute Teamarbeit. Jetzt den ganzen Artikel lesen auf backtooutdoor.com.",https://backtooutdoor.com/mindset/alleine-schneller-gemeinsam-mehr-erreichen.html,2026-10-19T17:00:00,"teamwork, gemeinsamstark, zusammenarbeit, gemeinschaft, mindset"
Die Macht der Gedanken: Wie Denken dein Leben formt,https://backtooutdoor.com/assets/img/mindset/pins/macht-der-gedanken.jpg,Mindset & Persönlichkeitsentwicklung,"Wie Gedanken, Gefühle und Glaubenssätze zusammenhängen – und 4 praktische Wege, dein Denken bewusst in eine stärkende Richtung zu lenken. Jetzt den ganzen Artikel lesen auf backtooutdoor.com.",https://backtooutdoor.com/mindset/macht-der-gedanken.html,2026-10-20T17:00:00,"machtdergedanken, glaubenssätze, positivesdenken, selbstreflexion, mindset"
Selbstreflexion: Der ehrliche Blick in den Spiegel,https://backtooutdoor.com/assets/img/mindset/pins/selbstreflexion-in-den-spiegel-schauen.jpg,Mindset & Persönlichkeitsentwicklung,"Selbstreflexion als tägliche Praxis: Wahrheit erkennen, ehrlich zu dir sein, an Herausforderungen wachsen und die Vergangenheit hinter dir lassen. Jetzt den ganzen Artikel lesen auf backtooutdoor.com.",https://backtooutdoor.com/mindset/selbstreflexion-in-den-spiegel-schauen.html,2026-10-21T17:00:00,"selbstreflexion, ehrlichkeit, selbstakzeptanz, achtsamkeit, mindset"
